users,passwords
Robert_Kahn_80,27f0dd6a2a9d4af1c0a3b5284e9a4bcbce8d4d9f
Mark_Masters_18,f1b7935fe4893a18ef710d6c6f652d1d35f99fd3
Frank_Roman_14,f4ed2f57c15d1b4173e619c6cf905e0f2e816fda
Tricia_Billings_82,385c83a75cfb93befe9a91bdd12c50367dbd8ad7
Addie_Rioux_72,ebec1a42814947581a30f3a6b5a905f79eaafd08
Wanda_Shutt_13,403b84dc5cff5ed02870ebe860520e7ef798759d
Kenneth_Wyatt_99,6107e4f70610c1838b876a335f0d17bf652e224a
Teresa_Sparks_66,17bfd9cb4408f0221d571c5bc019aca4f0fa66a1
Debra_Hoover_32,30ea72b66f28fe393ba0a1cdca8708608e59cf5a
Silvana_Clair_55,56d25af2b9cdd43d644092429ce497c74cbe6a8a
Jacob_Donavan_67,9002c0bcab138b15d0d6508205dbdf20a0704c88
Latroy_Carter_88,7c4a8d09ca3762af61e59520943dc26494f8941b
Magy_Simpson_08,1c88f9e2e956a60997dd7ea410e9edeb7f752b28
Timothy_Babono_00,29cc886ce0748ddb0f10087de917879a79090d61
Jaquelin_Dora_41,07b6b6b5a13f129c5b366a59e2fc200572b3614c
Irina_Summersteen_99,0b8dceacaeb47cba622eab951fb3602f58e32afa
Maria_Corbin_12,7b7befdd10a1698da9f52279c744e1a8fdea30f1
Luke_Smith_23,cbfdac6008f9cab4083784cbd1874f76618d2a97
Jack_Daniels_53,3b2e468a6bf161228e08dd0ae3c816f9f0cc0ba7
Hubert_Dungosp_07,a95201a186815b72b4a83d1de3f0c6988046258b
